review_text,rating,thumbs_up_count,app_version,source
app is goo but many important indicators are not available even in trading view charts please sole this <LOCATION> and allow to put stop loss and target directly in chats as it is available with dhanand sahi app,2,0,18.18.1,google_play
i am not registering in this app because it is asking me to sign. but how can i sign perfectly on a screen. there should have been a signature upload option.,1,1,18.18.1,google_play
why there's no groww prime offer for existing subscribers/customers.,4,0,18.18.1,google_play
when tried to delete account it doesn't allow to do so and still notification and all keep coming,1,0,,google_play
very bad aap hidden charges are included please save money and don't install the aap,1,0,18.18.1,google_play
"please bring scalping mode or otherwise trailing sl and target setup for commodity mcx market like gold, silver, crude oil and ng",4,6,18.18.1,google_play
very dissapointed service. ther are making people fool only by the name of free amc. charging too much. ex- if you sold a holding stock of some unit with a multiple part order (one day with one same stock) they charges heavily dp charge with cdsl charge and another charges according how many times you successfully executed. i am suffering from this. also i talked with their executive. very dissapointed service.,1,2,18.18.1,google_play
very nice application for on line share trading,5,0,18.18.1,google_play
"hello team, could you please provide option to buy us and other international stocks. groww has already obtained permission for this but not sure when it will be made available.",5,18,18.18.1,google_play
best is withdrawal option is the best real time settlement is price less keep innovating,5,0,18.18.0,google_play
"it is a very good app, i am using it and redemption is also done easily, i am very happy to use it.",5,0,18.18.1,google_play
"installed the app nearly 6 years ago , and used it for the last 4 years almost every day. over the years the improvement is excellent, mutual fund and stock buy and selling is without any hassle , hardly i have ever faced any issue while in any transaction and the support team to quite responsive whenever any issues has raised. only con which i have even after all the updates, the share tecnicals are not properly organised and mutual fund screener option not good, foreign investment required",4,1,18.18.1,google_play
"enable renting stocks & login otp option - via email also @ not only via mobile otp . most sims ( networks) are not allowing <PERSON> if recharge expired and we are forced to recharge - and such times we are facing problem to login to groww on new devices. other apps like dhann, upstox etc providing both mobile + gmail login otps too. only groww is troubling without any customer friendly improvement. if this continues - will close all groww accounts.",1,23,18.18.1,google_play
sometime not screening very well and take more time browsing,1,0,18.18.1,google_play
very bad app customer not received call and account not delete so very bad app not using this app all of you,1,0,,google_play
very poor interface. not a single menu is properly set. have to dig in to get the details.,1,0,18.17.3,google_play
very nice app. easy to invest and track portfolio.,5,0,18.18.1,google_play
"treading is very easy in it ,specially money deposit, withdrawal, mtf,etf in a single sentence superb",5,0,18.18.1,google_play
"very poor service and total waste of time! (1 star) worst customer service i have ever experienced. my account setup has been pending for nearly two weeks, and there is no proper response or support from the team. they are just wasting people's valuable time. highly irresponsible and pathetic service. better to avoid this app and look for better alternatives!",1,0,18.18.1,google_play
i am unable to add family members account.. it gets stuck on relationship part and says.. there seems to be an internet issue... which is totally untrue,4,0,,google_play
excellent share market app for beginners. easy to use.,5,1,18.18.1,google_play
"easy to handle and smooth process,perfect platform for beginners",5,0,18.18.1,google_play
"absolute garbage experience. active sip and ipo upi mandates just vanish from the live section for no reason. a finance app handling people's money should not be this unreliable. groww is very quick to charge users, but apparently fixing basic bugs is too much to ask.",1,5,18.18.1,google_play
"very poor, not satisfied, slippage is more ..",5,1,18.17.3,google_play
update is not getting better instead kinda scary with all the sudden lagging and network problems even when network is fine. now biometric authentication has disappeared.,2,0,18.18.1,google_play
"why graph is not available for 2 days after the update? graph of this day is not showing properly. 1 week, 1 month etc are fine. please make sure these things are working properly before releasing an update",2,1,18.18.1,google_play
<PERSON> is not coming disgusting app why you even create if you don't want to create account to me you are waste,1,1,18.18.1,google_play
last 4 years iam using fist time i approach customer service i realized that one of the worst customer service 27936929,1,0,,google_play
"worst experience, it's been a one week account not activated, customer care people instead of solving problems, they suggested that i should delete the account permanently.",1,0,,google_play
"very worst experience with this <URL>ter filling up all the details in the app ,and allotment for some ipo is done,they just blocked my account and they telling me to do re-ekyc verification.i don't know --if there is a problem with my account --then why would they inform me before??? customer care support is also very bad and disgusting.",1,0,18.18.1,google_play
this app bugs and sucks and will eat my money and our money be safe don't use this app,1,0,15.07,google_play
"after update , application closing itself, scrolling experience become poorer too.",3,0,17.10,google_play
charges too high and no trust too much risky,1,0,18.17.3,google_play
"the only thing irritating is when you delete any existing alert (price alert) on manage alerts screen of any stock page. the ""alert deleted successfully"" message appears at the bottom which hides the ""add alert"" button or the ""delete"" button on specific alert. the message stays there for some time. shortcut is you go back to the stock info page and come again to the alerts page. this is very irritating. it has been like this since last 2 years atleast.",4,0,18.18.1,google_play
"i asked them many times about a particular modification but they didn't make it let me clear this, if trigger orders can be sorted alphabetically (like zerodha),the app would be more useful and easy",3,0,,google_play
very bad. my 2 fund missed in groww app dashboard,1,0,18.18.1,google_play
very nice and easy to use application. providing upto date details of market.,5,0,18.18.1,google_play
add easy name change option as per pan,5,0,18.18.1,google_play
"if you apply for ipo-s using this groww app, you won't get a single ipo.",1,24,18.18.1,google_play
add 2 hour time frame. or at least there should be an option for it. also an option should be there for hiding phone's status bar in chart landscape orientation so that we can see a larger chart area.,3,1,16.27,google_play
at now it's going great let's see later,5,0,18.18.1,google_play
get ready to face recovery calls from their agents if your account balance remains in debit due to any reason for 4-5 months. worst broker who appoints recovery agents to collect debit balances from their customers. on one side they constantly keep on accruing delayed payment charges and on other side they also share your details to recovery agents to make calls directly to customers and ask them to clear debit balance on their account otherwise they will report it to cibil authorities.,1,0,18.17.3,google_play
"thank you, groww, for adding this fantastic feature that allows us to use multiple accounts from a single device. it is very convenient and useful. however, there is one issue: the added accounts are automatically logged out multiple times, and we have to log in again each time. please fix this issue so that we can use the multiple-account feature smoothly without interruptions. also, currently the <PERSON> is sent to the registered mobile number. could you please provide an option to send the otp",4,1,18.18.1,google_play
"i have been using this app since august 2018, from the initial days, i started my investing journey with this app, so im kind of nostalgic, its an amazing app, ever updating itself, ever improving, i wish them all the success for their future",4,0,18.18.1,google_play
very easy and comfortable to operate groww app,5,0,18.18.1,google_play
please add directional movement index in groww charts. i contacted the support team they are saying use alternative i.e. trading view charts. but i am convenient to trade by using dmi indicator in groww charts only. i am requesting you to enable dmi indicator in groww charts.,4,0,18.18.1,google_play
very very bad service i have downloaded the aap in june i have submitted my documents for kyc there was a spelling mistake from their side from june till now there are just giving the excuse are technical team will call you there are also not deactivating my account i request to all my indian friends pls don't go with groww app it's having very third class service,1,0,18.17.3,google_play
scalping is to slow app developer need to focus on it,3,0,18.18.0,google_play
"i am not using upi, how can i verify my bank account?",3,0,18.1.1,google_play
"nowadays they are doing cheating with their customers, i had mutual fund account in groww for many years which is free ,now they are forcing me to open their stock account too so they charged me account opening charges and later on annual maintenance charges. i don't want to do trading or buy or sell any stocks etc then why do you forcing me for that. i am not able to see my mutual funds portfolio status because your inbuilt system is asking for details to open account.",1,2,18.18.1,google_play
it is best platform to trade for beginners all details to trade is provided in it. technical analysis and financial analysis given in this app .so good to go with this platform with proper research on app then you are ready to trade,5,1,18.18.1,google_play
"misleading dashboard data and zero support accountabilitygroww is showing severe backend lag that directly affects your money. the app misled me by showing my average buy price as ₹221 for 50 shares. i sold at ₹227 to secure a profit, but the app instantly recalculated my execution background to an average of ₹233.5, turning a winning trade into an unfair loss. their customer service team is highly dismissive and flat out refuses to accept that their system glitched.",1,1,18.18.1,google_play
very good user friendly app and using since 2024,5,0,18.18.1,google_play
"options chain keep getting stuck in live session! no stability. they change layout at will which affect trading flow. fno section's layout has been changed which has made it more difficult and cluttered to execute trades on top of it it's glitchy. can't believe an app with do many subscribers can do such a poor job and can be so glitchy especially an app which deals with trading. when their customer care was approached the only answer they had was ""sorry for inconvenience"".",1,48,18.18.1,google_play
"excellent app for investing and trading. the interface is simple, easy to understand, and beginner-friendly. account opening, mutual fund investments, and stock purchases are smooth and fast. portfolio tracking is clear, and the app provides useful information for investors. overall, a great experience with groww. highly recommended!",5,1,18.18.1,google_play
"horrible customer agent support, app lags and no longer we can trust groww",1,0,18.17.3,google_play
1. user friendly 2. trustable trading platform 3. technical and fundamental is good,5,0,18.17.3,google_play
please update my grow app with all features,5,0,18.17.3,google_play
markets updates on point .. thanks chart is easy or smooth working..,5,0,18.17.3,google_play
without informing me and without my consent my high value f&o stock was sold by groww. foul play by groww,1,0,18.16.1,google_play
i have use multiple trading app but groww is best app,5,0,,google_play
pathetic service standard and poor app.. <PERSON> for login are sent only on mobile and not e-mail id to change email id it's a horrible task...why not take <PERSON> on email and change mobile no. not good for regular traders and market watchers..,1,1,18.18.1,google_play
very addictive in nature and i have to scroll down a lot to refresh external mutual fund. they have very high brokrage,1,0,18.18.0,google_play
its a simple and easy app for investment and mutual funds. a small suggestion: make feature of note to watchlisted stocks and portfolio stocks to remember why i keep the stock,5,0,18.18.1,google_play
chart iq must available why you people closed this facility you should start chart iq very fast that's why i have given 2 stars otherwise it will be 5 star watchlist vanished in letest update not good,5,1,18.17.3,google_play
"till date, groww is very good. keep up the good work. and let us see in coming days",5,0,18.17.3,google_play
edit: your team has incomplete information and i have not gotten dividedends since 6 months now. and since 1 year for another one. it was good when i initially started using this app but since many months the support has not been great,1,0,,google_play
causing a lot of lag during trade execution leading to loss ...worst experience from past few days,1,0,18.17.3,google_play
not able to see porfolio xirr in the holding-> portfolio tab.,2,0,,google_play
pay off graphs are not available for the positions of different expiry. gr-1 ai tool is amazing. but the ai chat history deletion option is not available. kindly add.,4,1,18.18.1,google_play
"handling a very soft & understandable essay view buy and sell,",5,0,18.17.3,google_play
no ipo is in favour of us while using grows but users of other applications have ipo in favour of them.,2,0,18.17.3,google_play
this broker app demat account close complain customer support team raise after company don't do close my account.,1,6,18.17.3,google_play
"i am extremely disappointed with groww's order execution. whenever i set a stop-loss and target, my stop-loss is executed at a much lower price, causing a bigger loss, while my target is booked at a lower price, giving me less profit. for example, i bought a call option at ₹10, set the stop-loss at ₹9, and the target at ₹12. however, the stop-loss was executed near ₹8.25, while the target was booked around ₹11.30. this repeated slippage increases my losses and reduces my profits. groww should",1,1,18.17.3,google_play
please also add weightage for each stock in holdings,5,0,18.17.3,google_play
"first time apply for ipo, it becomes easy only on account of groww. thanks",5,0,18.17.3,google_play
in groww u can add one more option. like gift share to anyone so customer base can be increase,3,0,,google_play
i am minor and used to use groww without full setup of pan card and bank details now groww does not let me <PERSON> to see my watch list i might have used the app in future but not now. i use to watch stock market for education,1,0,18.17.3,google_play
"great user experience and best for all the investment of stocks and mutual funds, interface of the app is user friendly and great built.",5,0,18.14.1,google_play
app is good. but chart and prices especially strike prices take time longer than usual to refresh.... interface is good and simple. pls improve in above addressed issues.. still the app sticks especially in commodities and whenever i set target it hits less price less than target many times....,3,14,18.17.3,google_play
easy to use and operating smooth and fast working,5,0,18.16.1,google_play
"this app is really the safest option but i am a little disappointed with the kyc system.. the app is showing 'update your kyc' but when i am clicking, there is some error or glitch ... i am unable to update my kyc. this is my ticket number 27904337",3,0,18.17.3,google_play
comparison option should be available in the app,4,0,18.17.3,google_play
"i am facing issue while declaring nominee and for client support i am unable to add screenshot, i hope my issue gets resolved asap",1,0,18.17.3,google_play
"this app is very good, i have given it five stars, you can also download it from here.",5,0,,google_play
the main page consisting of indexes at the top is very tiny. its hard to click and swipe in such a short place. it used to be larger earlier.,4,0,18.17.3,google_play
not able to download mutual funds capital gains downloads. it's showing 'downloading report but it's not downloading,4,0,18.18.0,google_play
i have had the most horrible experience investing through this platform.,1,0,18.16.1,google_play
"worst app to much brokerage and glitch ,i got 2000 as profit but when i press for exit there was 500 <URL>ver try this app",1,0,18.18.0,google_play
i am new to grow as an option trader and <URL>lication is good but can be further improve for real time data execution.,5,0,18.17.3,google_play
"very bad app, nifty & sensex chart stop moving and also option chain stop moving on live market. and big thing his customer support was very absurd. suggest to not use this app",1,0,18.17.3,google_play
"this app is a scam because whenever i go to watch mcx price here, the price instantly moves against my position. it means this prostitute groww shares my ip address with market mafia",1,0,,google_play
"bonds sell at far lower price then invested, how it possible. stay away for bonds",1,1,18.16.1,google_play
"please make your app better, it is hanging a lot now. creating a lot of problem in trading. if this issue persists i need to switch some other application.",4,0,18.17.3,google_play
not working and not satisfied with setting and management,1,0,18.17.3,google_play
stock market best apps thank you grow app,5,0,18.17.3,google_play
"i really like the groww app. whenever i had a requirement, i emailed the team and my request was updated within a few days. i have emailed them twice so far, and both my needs were fully resolved. great support and quick response — highly recommended. 5 stars!",5,0,18.18.0,google_play
"if you want to save money, this is the right place. through this platform, you can invest your money very well and earn money. this is the right platform, it is right for you and there is no cheating or fraud issue here. i too have been doing this for many years. sometimes out of compulsion, i have to withdraw the amount of sip but till now i have not seen any fraud or fraud. it is a very good platform, you all can do it too,and customer service is also very good.",5,0,18.17.3,google_play
"since yesterday evening groww app is not working for me, not sure for others. tried refreshing the but no use, still i am unable to use it.",5,0,18.17.3,google_play
0 customer support i made withdrawal request from my demat account amount deducted from my demat account but not credited in bank account when i raised ticket no response gave option to chat excutive whenever message excutive change then explain again still no response no status,1,0,18.17.3,google_play
withdrawal <URL>ey don't transfer fund instantly to bank account. my fund is stuck since 2 <URL>t using it anymore.,1,1,18.17.3,google_play
"similar fund option revoked in new update, anyone explain why?",3,0,18.18.0,google_play
"can't even explore the app without giving my personal information, if i don't want to share my aadhar number and pan card number they won't let me use an app after a while which is just absurd",1,0,18.17.3,google_play
"treasury bill and government bonds are not available, and other government securities are not available, only zerodha gives option for tbill auction",2,1,,google_play
its a fraud app when i withdraw my money they showed my bank rejected but also my money is no return to my demat till date,1,0,18.17.3,google_play
user friendly interface and make it easy to beginners loved it,5,0,18.17.3,google_play
thanks to all r fine e r u there are a,4,0,,google_play
this app is not accessible for visually impaired person after update future option tab is not working during exit position. a blind person is unable to exit position in future option tab using talkback kindly review this.,2,0,18.17.3,google_play
most bogus <URL> is forcing me to open acct else app is getting <URL>y be lated i would have opened ...but fine i will open in other platform,1,0,18.17.3,google_play
"overall app is good but needs some updates. 1. when you sort holdings we have 4 options like current value, return%, day%, and stock name. we expect invested value 2. while analysing portfolio there is no tally with market cap value, sector wise allocation and assets allocation. it to be updated with currect allocation in all sectors. 3. there is lack of information to investor's such as analyst forecast and analyst rating given by analyst to the stocks. 4. needs peer comparison of each stock",4,0,18.13.2,google_play
good for beginners not for options overall great,3,0,18.17.3,google_play
super... please add drag & drop target and stop loss option on live chart.,5,0,18.18.0,google_play
"worst customer care service, no reply for last few of my complaints till now",1,374,18.17.3,google_play
this application is a good process but brokerage amount is very high because my profit amount is lossing in brokerage. that's all.,5,0,18.17.3,google_play
totally use less app accuracy zero stop lose hit before attaining the price costumers support useless hanging error lots of problems in this app kosis kre koi or broker use kre instead of this,1,1,18.18.0,google_play
previously i have given 5 stars.. now i will give only two. since last update i am not able to open the app.. it's my urge to developers please look into this problem.,5,2,18.17.3,google_play
from where can i understand that how should i use this app ... i mean i really want to understand stocks and mutual funds and all but don't know from where can i ??,5,0,,google_play
"groww's instant withdrawal service is very disappointing. when i initiated the withdrawal, it showed that the processing time would be up to 4 hours. however, when i contacted the help center, i was told that it could take up to 24 hours. because of this delay, i was unable to buy the stocks i had planned to purchase today. this caused me a loss of opportunity, and i am very disappointed with the service.",1,0,18.17.3,google_play
"my money is stuck, and there is no one from customer care who will respond or resolved it",1,0,18.16.1,google_play
"very disappointing experience. this is not the first time i've faced these issues. funds keep getting added/displayed incorrectly, lifetime xirr is not showing, and redemption requests have also been rejected due to unit availability issues. the issue has been pending since 21 august 2026, yet i repeatedly receive messages saying that the dashboard has been ""successfully updated"" even when the problems remain unresolved.",1,0,17.94.1,google_play
app is not working <URL> it my problem?how can i fix it.,4,0,,google_play
the best easy to use platform for investing as a student.,5,0,18.16.1,google_play
problem related profile pic not show last 15 days please resolve glich,2,1,,google_play
why today grow app is not working it shows error,2,0,18.17.3,google_play
no customer support plz don't install it ... worst service,1,1,18.17.3,google_play
one of the reliable trading platform out ther. easy to navigate and i haven't had any kind of problems till now.,5,0,18.17.3,google_play
"great app, easy to invest and manage in market !",5,0,18.17.3,google_play
poor customer support. i will get irrelevant automated response and no agent will connect.,1,0,,google_play
disgusting app. total fraud. the money doesn't get credited neither to this app wallet nor to the bank. support executives are also not responding. total loss for me using this app. i do not recommend this to any one.,1,0,18.17.3,google_play
withdrawal requests take an eternity to get processed. this is happening far too frequently to the point where i felt compelled to give a 1 star rating. the processing time really needs to be improved.,1,0,18.17.3,google_play
groww is not opening something wrong error showing,5,0,18.17.3,google_play
page keeps breaking. 404 errors all around. also you might see your balance (withdrawals) etc randomly change. unreliable. maintain a sheet with your trades. messed up platform.,2,0,18.17.3,google_play
my watchlists stocks auto deleted today without my interfare. this is very unsafe and bad behavior.,1,0,18.17.3,google_play
"every week update is there why? still same thing is happening many many update today i want to add amount so it is showin as temporary service unavailable and customer care number not reachable, not eligible for 1 star also and the steps you'll gave that has been done earlier also it is basic it person can guide me i am unable to login application is asking for an update every time and now to connect customer care i have to wait for more than 10 mins. now the nifty number issue occurred.",1,18,18.17.3,google_play
"getting graph not available, stock not listed in nse for the stocks that i trade daily too. this happened on the 21 september. very irritating.",1,0,,google_play
"user friendly, but there is no recent fundamental data for some stocks. needs to update data frequently.",4,5,18.17.3,google_play
"hi team ,getting page not found on web on every stock click",1,0,18.17.3,google_play
"this application is very user-friendly, especially for beginners. compared to other applications, the brokerage charges are also lower. whenever we have any doubts or issues, we can simply send a message, and they provide a solution to our problems. overall, i would say this is a very good and easy-to-use application...",5,0,18.17.3,google_play
"groww is constantly lagging, hanging, and taking too long to load. charts and chart properties often don't open properly, and f&o trading/options are also not working smoothly. because of these issues, i have suffered significant financial losses. this is a completely unacceptable and frustrating experience from such a nonsense app. please fix these issues urgently.",1,2,18.17.3,google_play
this is a very very good app and very egy backup now. thanks groww,5,0,18.17.3,google_play
"i want to give some suggestions and recommendations for the application development, how can i do that??",5,0,18.17.3,google_play
you need to create a assistant ai to teach new starter,3,0,,google_play
for some reason i cannot set my upi on groww,1,0,18.17.3,google_play
yaa. <PERSON> use cheyithe valliya kozhappam onnum undayittilla just for earn money for ente pocket money use cheyiyunnu.. this app is better choice,5,0,18.17.3,google_play
this app is awesome i am using more than 3 years . now i am facing a small problem for open my baby minor account. minor's dob document not uploading . i am click every possible words but photo gallery not open for select photo or png .,5,0,18.17.3,google_play
"the app was automatically uninstalled from my phone, and now i can't install it again",2,1,,google_play
"dear groww support team, i am writing to request urgent assistance regarding an issue with withdrawing my available funds from my groww account. i have sufficient available balance",1,1,,google_play
plz integrate your app with trading view <URL>ke wise <PERSON> app..,5,1,18.17.3,google_play
"it is simple and easy to use app. everything is placed neatly that makes it easy to understand and navigate. but, the customer support agent has some problems. it replies too late and sometimes unresponsive and closes query in between. sometimes, some key features disappears out of app. hope groww improves this. harsh <PERSON>",4,0,18.17.3,google_play
worst customer service i am requesting a simple spelling change of my surname 1 month ago and still pending my name correction,1,0,18.17.3,google_play
"delay chart, slow chart sometimes stuck. and lots of bugs in this app",3,40,18.17.3,google_play
i find the groww app very user-friendly and useful,5,0,18.17.3,google_play
good yes please do the needful at the end of this year i was just kidding don't take tension,5,0,18.15.1,google_play
it is very nice and easy to use app,5,0,18.16.1,google_play
deteriorating experience day by day. earlier we were able to tell in a glance how much profit or revenue has increased of a company. now we have to click each bar individually to find out.,2,1,18.17.3,google_play
"pathetic experience. setting up the account is so bad. it fetched my name from pan details and auto-filled my father's name instead of my name. but i was not able to correct it. when i raised this query with customer support both through voice and chat, automated answers only thrown which didn't solve my problem. my account is still in my father's name. pathetic.",1,1,,google_play
"need to provide ""last added"" feature to my stock portfolio also, just like ""sort by"" in watchlist",4,2,18.18.0,google_play
this app is really very good!! ui is so easy!!!,5,0,18.17.3,google_play
nowadays you guys seems like fraud beaware guys specially if you are pledging your stocks they suddenly change haircut on a particular stock even if your pledged stocks are doing great you can be in deep financial trouble if you are doing mtf using pledged balance,1,1,,google_play
update to volume candle in function in treding view application .,3,2,18.17.3,google_play
"it's èasy ,user friendly and it's charges are costly.",4,0,18.16.1,google_play
don't install ever. fake promise.i can't withdraw my money from my wallet and other than how i can say it deserves in mobile space.,1,1,18.16.1,google_play
very good app. a user friendly app. i like the app very much. one more things should be inducted in the app which is open interest and change in open interest bar should be available for option trading.,5,0,18.17.3,google_play
"updated 19sep26 latest experience. incorrect external fund investment values & useless support ​groww's external fund import is broken. it defaults to displaying the date-of-import value as invested amount, ruining portfolio accuracy. cas statements show correct data, yet groww fails to parse it. support tickets are closed with canned, automated replies without resolving the issue. basic portfolio filtering and sorting tools are missing. importing funds is useless if invested values are wrong.",1,4,18.17.3,google_play
"they should improve 1 thing, the account money in groww should be able to transfer in bank account on saturday and sunday!",1,1,,google_play
good charts and basic research tools: useful for someone who wants to manage investments without a complicated interface,5,0,18.17.3,google_play
"big name, small vision 3rd class quality, compare to other",1,0,18.17.3,google_play
not able to change to primary account. add or remove are not working,4,1,18.17.3,google_play
"the third class customer care services they never received a call .groww automatic execute the orders and put you in minus if have gane profit,guys be careful.",4,0,18.17.3,google_play
"very disappointing experience with groww i bought shares for ₹200 and held them for 5–6 days. when the share price reached ₹220, i sold them expecting to receive my profit. however, after the transaction and deductions, i received only around ₹177 in my wallet. i understand that taxes and other charges may apply, but the deductions were very disappointing and were not clear enough to me. i bought at ₹200, sold at ₹220 after 5–6 days, yet the final amount i received was even lower than my origi",1,1,18.17.3,google_play
i absolutely love the simplicity of the app. way better than other brokers out there. extremely easy to use and navigate.,5,0,18.17.3,google_play
grow is not a name it's orginaly grow,5,0,18.16.1,google_play
your operations in stocks right .if your not assist in time there is no way its useful or helpful. i have tried 3 time through call i have been in hold of 10 - 15 minutes after that also didn't get call back . then i have started chat option i have sent a message in 4 pm got my reply in 6 pm . if you need screen shots i can provide great service groww..,1,0,18.17.3,google_play
"this app should be banned."" fraud is always honored in <LOCATION> fake trading platform! this app uses fake charts and manipulated data to make you lose money. they demand extra ""taxes"" or ""fees"" when you ask for a withdrawal and then stop responding. stay far away! 100% fraud app! they steal your money under the guise of trading investments. customer support is useless and only exists to trap more of your money. save yourself and avoid downloading this brokerage is also charged on top of that.",1,2,18.16.1,google_play
there should be 1. demat number portability service and 2. slbm option like <PERSON> app,4,0,18.16.1,google_play
doesn't have enough support agent to solve any queries.,1,0,18.16.1,google_play
one problem ddpi pin free of cost another broker and groww is charge for ddpi pin this is not valid,5,0,18.16.1,google_play
"withdrawal process not instant, app earn many charges but withdrawal process is pending, don't expect this app fast process",1,0,,google_play
"this is the worst app.buying is one price, buy is another. if you buy, the price falls, if you sell, the price rises. no one should download this app, which is full of fraud and deceit.",1,1,18.17.3,google_play
provide an option to modify the ipo application.,1,1,18.17.3,google_play
after the last update it is very very slow. please fix as soon as possible,3,1,,google_play
"i've been using this app for 3years and i do not have any complain on other things but from yesterday the app start working slow and i thought it was my device but even if i cleared up the space for it there was still hanging and i almost lost from my trading..apart from hanging i do not have any complain,it was beginner friendly and easy to enter and exit.",3,3,18.17.3,google_play
customer service is terrible they will never receive the call and will never reply you back in chat. i faced this multiple times.,1,0,,google_play
demonic brokerage of rs.110.45 deducted out of rs.230 profit in groww byst trade.. unreasonable,3,5,18.17.3,google_play
don't have option to provide 0 rating. such an waste. they provide mtf and didn't show about interest on <URL>eir platform is complex as i can't sell shares immediately. going to uninstall and pick angelone,1,2,18.17.3,google_play
good app. on treading time instant withdraw. good app.,5,1,18.17.3,google_play
"extremely frustrated with groww. first, my stop-loss order got triggered incorrectly at a higher price (₹148.18) when the actual market price was at ₹146.90, causing me a direct financial loss. second, their customer support is practically non-existent—i have been trying to call them continuously for over 20 minutes and nobody is picking up the call. highly unreliable platform for active trading. pathetic service and zero accountability for technical glitches!",1,2,18.17.3,google_play
my money isnt settled from yesterday no email reply no call receive using it from 4 years better to quit,1,0,18.17.3,google_play
gfd error coming in commodity because this face losses customer care is not supporting worst experience.,1,3,18.17.3,google_play
the ui is getting clumsy witb each feature and business update.,1,0,18.16.1,google_play
this app is not for beginners and a small investor because they charge brokrage more than other broker,1,0,18.17.3,google_play
"i am unable to see my fno position, it has also not been squared off..",1,0,17.95.2,google_play
when you guys will make it better for ipad users?,5,0,,google_play
all my position s have gone who is responsible for money,4,0,18.17.3,google_play
very disappointed with the customer care service. my f&o positions suddenly showing 13 lakhs negative and even stopped showing current positions. unable contact customer support over call or chat. very worst service. don't trust any more,1,0,18.17.3,google_play
app not showing my fno positions of commodities section,1,0,18.17.3,google_play
never download this application this application is fraud with customer & customer service not response. yesterday i have total amount 49600 i will total loss & charges 12650 now i have -757 why he will not answer or question. i request all never download this application,1,3,18.17.3,google_play
this aap not a update realtime price and slow update & process 01 month try coustomer carire continue but 01 hours called but nothing attend call this aap is very poor,1,6,18.17.3,google_play
"poor services, order placing gets stuck. many times loss booked due to platform inconvenience. even customer support works poorly. & now also they will write back like to send feedback on email. then what. nothing",1,4,18.17.3,google_play
i have a suggestion. if someone trades with a single lot or a fix low capital like 10 to 20k in f&o. the brokerage charge should be 10 rupees. <PERSON> there are so many charges other than the brokerage. how much will someone earn in single lot. if you reduce the brokerage for low capital trade. it will help a lot.,5,0,,google_play
"if you know how to handle wealth, you got it.",5,0,18.16.1,google_play
"smoothest onboarding, it's a financial app with better login and onboarding than notes apps out there",5,1,18.17.3,google_play
too much service <URL> many hidden <URL>stomer service <URL>ey will respond after after death or mkt hours close....,1,0,18.17.3,google_play
"worst experience i ever had on any demat platform. i brought unlisted shares and grow support took one month just to reflect in my demat amount, despite providing them the exact data and after that new issue now i am unable to sell those shares and customer support is pathetic, always delay in response.",1,2,18.17.3,google_play
"great app! fast, smart, and very helpful. i really enjoy using groww",5,0,18.17.3,google_play
"i don't have words to describe how pathetic customer care service offers by groww. when you call them first ai bot will talk to you then it connects to some person, the real game starts here to pick a call you have to wait more than 20 minutes...i don't know how they justify this. very very disappointed with it.",1,1,18.16.1,google_play
grow is perfect plotfarm for trading. very user friendly.,5,0,18.17.3,google_play
risky app!! pathetic misguiding cusomer support team. dont map your precious money with such apps!!,1,0,,google_play
"<URL> customer support.. shifting to another platform. account opening form filled for my minor daughter on 5th september but no response from the groww team, followed the process. when tried to contact through given contact waiting was 5 min even after 5 min call disconnected. tried with chat channel also but no response.. complaint raised thrice through email still no response.. no communication about the status of new account opening.. frustrated",1,0,18.17.3,google_play
very bad experience you never profit im groww app. last year losse 58000rs and brokrage and other charge 78000rs now think. they cheat public,2,1,18.17.3,google_play
"latest figures of p&l not showing in report previously it used to show but after 7th september no updation, how can we do trading without knowing the exact amount",1,1,18.17.3,google_play
very good for all people but cannot be used family money you earn and trade for own his money,5,1,18.17.3,google_play
now app has lag issue app took 3 to 4 second to do any work on it most irritating app is ever use for trading,1,0,,google_play
its my pleasure to inform that easy to understand and handle the groww app for new customers.,5,1,18.17.3,google_play
right now grow is best app for treding,5,0,18.17.3,google_play
fraud wasted app groww brokerage looters. no new features. best app is sahi app low brokerage order execution is easy sl tp is on screen,1,0,18.17.3,google_play
"groww app f and o always struck, glitches,slow moments very bad, very worst app always lag",1,1,18.16.1,google_play
how many times should i update the app whenever i open it asking for an update even though it is already updated is it an app or something. i'm totally disappointed with this application.,2,2,18.17.3,google_play
i got losses because stop loss & trilling not working properly it's happened many more time i completed but still no solution the employees only for taking brokerage charges not for costomer services only take brokerage charges & costomer go to hell the sebi must take action against groww they are not able for single star also,1,0,,google_play
amazing and it will be amazing for if you use it wisely,5,0,18.17.3,google_play
"i have been using groww for around 5 years, and based on my overall experience, i believe the app is quite good for investing in shares and market analysis. however, i am giving 1 star because of my recent experience with customer support. despite being a long-time user, i was disappointed with the way my issue was handled and the support i received. for f&o trading, i also feel groww is not very suitable due to higher brokerage charges and issues related to auto square-off/auto-sequencing. so,",1,0,,google_play
this is not good service & not clear it's to charge service's,2,0,,google_play
please add pinescript option for customised indicator so that we don't depend on other platforms for chart reading groww app is very good app need some improvement in pinescript code for customised indicator hope it will be resolved soon thanks,4,0,,google_play
i m not trying to download the app,1,0,16.29,google_play
multiple options are available to all and it is easy to use.,5,0,18.16.1,google_play
good but need to improve in coustom care services,4,0,18.16.1,google_play
app is excellent. i have a suggestion. please give a 'select all' option in set alert so that deletion of alerts will be easy,5,0,,google_play
easy ui for beginners but high brokerage charges,3,0,18.17.3,google_play
"dear groww team,i am a regular user of your platform and appreciate how easy you have made investing. i want to share some feedback to help improve the app:what is great:simple ui: the app is very easy to navigate, even for <URL>arges: zero amc and commission-free mutual funds are amazing <URL>l-in-one: getting stocks, mutual funds, and upi in one place is very convenient.",5,2,18.17.3,google_play
i am not able to swtich profiles after the recent update.,4,2,18.17.3,google_play
"i'm not sure what's going on with the groww app. my september investment in one of my mutual funds has disappeared, even though the nav was already credited. additionally, i'm facing an issue where two folios are being created for my sip, despite my demat account having been closed over a year ago. i've contacted groww support multiple times, but the issue is still not resolved. very disappointing experience.",1,1,18.17.3,google_play
hello groww app team please update the app tradingview chart multiple chart and drag on drop target and stoploss option please reply my com.,5,0,18.17.3,google_play
good app to invest in stocks for beginners,4,0,18.16.1,google_play
very bad trading application not use very slowly app,1,1,18.17.3,google_play
verified but still verifying again n <URL>t moving further bank verification page...,5,0,18.17.3,google_play
"a good app, i have been using it for a long time.",5,0,18.16.1,google_play
"commodity trading chart price and order price are different why, baised by big bull on trading day. volume graph doesn't work on tranding day. trading charges are too high also.",1,0,,google_play
"my bank account has been blocked due to an unexpected transaction from groww. i did not initiate or withdraw any money, yet funds were automatically credited to my account. it has been almost a month, and my account is still blocked. as a result, my emi and sip payments cannot be processed, and i may not receive my salary. this has caused serious financial stress. please investigate this issue urgently, clarify why the transaction occurred, and help resolve the matter at the earliest.",1,4,18.17.3,google_play
great app but you have to update this app every week.. please do something team!,2,2,18.17.3,google_play
"""groww app is very easy to use and user-friendly. investment, tracking and transactions are simple and convenient. overall, a great experience with groww. highly recommended!"" ⭐⭐⭐⭐⭐",5,1,18.14.2,google_play
customer support system to low. my money not withdraw last 20 days but customer says tomorrow 10 am withdrawing funds. west money so cheap sarvice 10 times raised a ticket not solved my problem,1,0,18.17.3,google_play
name <PERSON> the best to you in ahr,5,1,18.17.3,google_play
"thanks for adding the account switch feature. but there is one more thing you should do this this account settings like chart, sorting for share should not reset when account is switched dear groww tea, this is requested to you please ad an option in this app to switch account as of now every time i need to logout and again login this will reset all chart settings. so add a feature that just one click switch account and all settings remaining same for a user if he handle their family account.",4,16,18.16.1,google_play
"money transfer is too low, takes too long irritate",1,0,,google_play
user friendly app. i like more. my favourite app. thank you. regards,5,0,18.17.3,google_play
too lagging problem have taking time for order pl place improvement neede,1,0,18.16.1,google_play
but broker charge is n more comparatively other,5,0,18.17.3,google_play
"a very good app for beginners to have a deep insight of trading on stocks, mutual funds, ipo etc.",4,1,18.17.3,google_play
"if the name has already been updated on the pan card, the updated details should ideally be fetched and updated automatically in the system. why do we have to fill out a separate form and submit documents again? this makes the process unnecessarily lengthy and inconvenient for the user.",5,3,18.16.1,google_play
lots of bugs. very slow in the mobile chart.,1,1,18.17.3,google_play
trade exicution easy for beginners and app speed,5,0,18.16.1,google_play
"after update app is hanged, not working at all.",1,0,18.17.3,google_play
dont us app is custmuar service is use less my acount balance aotomatkly less,1,0,,google_play
"a very simplified app, does not require a lot of procedures. all processes are very fluent.",5,0,18.16.1,google_play
"groww is a good trading and investment app for retail investors. the platform is simple and easy to use, and the brokerage charges are relatively low. it is especially helpful for beginners and small retail traders who want to keep their trading costs low. overall, a user-friendly app with competitive charges.",3,3,18.17.3,google_play
please give the option of scalping in commodity trading segment also.,1,1,18.16.1,google_play
i would rate you 5 star if you introduce a feature mentioning be stocks like we get in kite app. so that we can avoid the t2t stocks effectively i purchased the stock on friday and today i was getting 10k profit but the stock being t2t i was not able to sell it,3,2,18.17.3,google_play
oh my god very good experience by its app it is best for beginners i am first don't know about trading and other apps of trade but this app has been very much oh my god this is very useful !,5,0,,google_play
"groww makes investing in the stock market, mutual funds, and ipos accessible and effortless. the user interface is clean, beginner-friendly, and completely transparent with no hidden brokerage fees. tracking portfolio performance and placing orders is super smooth. an outstanding platform for building wealth securely.",5,0,,google_play
turing growth chart is easy but its very complicated to turn form groww chart to normal trading view chart please make it happen in one tap,3,1,18.17.3,google_play
this app is the best app for beginners who want to invest in stocks and. mutual funds..,4,2,18.16.1,google_play
all good thing this app veri excellent good,5,0,18.16.1,google_play
worst app for f and o . good for investment,1,0,18.16.1,google_play
easy to use i like it but very expensive charges,1,1,18.16.1,google_play
t-bond feature is not added in this application,3,1,18.16.1,google_play
"i have been waiting for 4 days for my account reactivation, how can a person believe this app with their investment and money",1,1,18.17.3,google_play
"after 8 days groww is unable to activate my account. several interactions to customer care department, still same condition.",1,0,18.16.1,google_play
thank you; the groww app is excellent and very helpful. i have managed to save some money thanks to this app. i actually started my first investment using the groww app.,5,1,18.16.1,google_play
bad experience. couldn't set up. they show pan number is wrong. but i put the correct number. 3rd class app.,1,0,,google_play
f u groww bloody cheaters first they give out mf prime feature as free with hidden charges now they changed to more commission hence ter changed more than 0.6%,1,1,18.17.3,google_play
"although groww is a good app,but now with rising competition in the market ,like lemon ,sahi,flattrade,<URL>set etc giving best brokerage free plans or minimal cost plans also to the users by paying minimal joining <URL>s a wonderful for option trading especially.i hope groww will also look in to this and take quick change for further development",5,4,18.16.1,google_play
worst app.. lagging chart and i think they shared our data with big players.. i have been into this market for 4 years but whenever i take any trade in fno even in my sureshot trade it hits my sl.. though app is good for investing i would not recommend for option trading... worst experience..,1,0,,google_play
"one of the best broker app, i ever prefer",5,0,18.10.1,google_play
"please allow the options of weekly stp, it will be beneficial for customers. there are lots of bugs that need to be fixed like the order placed not shown when it's done. ultimately the customer support response is extremely slow.",3,3,18.17.3,google_play
"the current update made it worst experience. the indicators are not upto the mark, the back button drawer hides constantly, which results in selecting unwanted options. previous version was way better.",1,4,18.16.1,google_play
i like this app and it's feature only i don't like one thing which is need account reactivate with the document of 12 digit aadhar. according to my point of view it is not necessary only need active bank account. govt never said that if want do trading or explore with any online trading app u must provide aadhar. it is not the gud thing it's a privacy concern.,1,0,,google_play
worst app. application not working in my phone. even after several complaints they didn't resolve my issue,1,1,18.16.1,google_play
iam happy with app interface and easy usage. however why my app not gr1 (ai) option? please clarify,4,0,18.16.1,google_play
excellent we want to earn money from this app by trading,5,0,18.16.1,google_play
one of the best broker app very useful and easy to understand every stock /ipo details and all .,5,1,18.17.3,google_play
"good app for stock market investment and trading, now you can buy corporate bonds also",5,2,18.17.3,google_play
"3rd class broker, my trading account showing blocked, not able to trade or do anything, all segment showing active i connect multiple time with support but nothing fixed by support, i filled teraform 20 time account still blocked.",1,1,18.17.3,google_play
this groww srtocks and ipo apply best way and nice,5,2,18.17.3,google_play
my sagison big platform but not leverage please add the option,5,0,18.13.2,google_play
"grow means your wealth grow,this site is secure ,trustable,and easily to use, i m very happy to use it.",5,0,,google_play
when i started share market on groww app this is easily to do work with groww,5,0,18.16.1,google_play
easy login and faster to create sip in less than 1 minute,5,0,18.17.3,google_play
i am very happy this app very good,5,0,18.16.1,google_play
many charts are not updated regularly for example on date 12/09/2026 check on groww app crude oil charts daily time frame 11/09/2026 not seen often many skript chart not updated regularly it very difficult to use groww,1,1,18.16.1,google_play
worst service one day your money will stuck but they will never reply to your requested support and mails,2,0,18.16.1,google_play
"using it since a year and i can say that it has good interface but it's the highest-charging app. hidden charges on cancelled/unexecuted orders eat up most of your f&o profit. withdrawals take 5-7 days and support is unhelpful. not recommended if you are trading with low profit margin as you will be loser even with profit, grow will eat all your profit through margin and charges.",1,17,18.16.1,google_play
"best app, easy to use. quick deposit and withdrawals available. customer service support is also very good.",5,4,18.1.1,google_play
good app and very easy to use app,5,0,18.16.1,google_play
i can't proceed to the e sighing please,1,0,18.16.1,google_play
"funds not <URL>eck your funds and order everyday..loose lot of money n no help but groww blame us. wrong info. given. big cheat. even mutual funds, price shows 11% increase and when you redeem, it shows 11% loss. check price of lic mf gold etf( 10/08/25,showing 11% increase but actually it is -11% decrease when you redeem). agents and supervisors says computer glitch. customer's looses heavyly in groww.",1,0,18.16.1,google_play
good but interface of angle one is much better than groww,4,0,18.16.0,google_play
"why can't one sell sme ipo alloted the same day at lower circuit,many people incurred huge losses bcoz of this , other appaa allowed this please do the needful",1,1,18.17.3,google_play
all good but redemption payment is long process,4,1,18.17.3,google_play
sometimes the app glitches causing trouble in order execution.,4,0,18.16.1,google_play
very very worst oi and oi cheg not show and not support worst update this groww application,1,0,18.16.1,google_play
emailed and contacted many times for closure of account but nothing happened,1,1,18.16.1,google_play
hanging lagging automatic buy and sell triggered geting pathetic day by day specially after latest update,1,0,18.17.3,google_play
this is an excellent app. i have amended my google review. because i am using this app since sep 2023 and am now a satisfied customer.,5,10831,18.16.1,google_play
best but indicator delete option not easy to use,3,0,18.17.3,google_play
nowadays this app work too slowly everything feels laggy we can't see even how many stocks we pledged and we can't see our balance properly too many glitches,5,0,,google_play
the letters in the app should be a bit larger; they are very small.,5,0,18.16.1,google_play
useless app. it refuses to accept my non google mail account.,1,1,,google_play
worst experience! groww needs brokerage only even in customer loss.,1,2,18.17.3,google_play
good app . but some time app was freezing.,4,0,18.16.1,google_play
".. 0 , in . cv , mm",3,0,17.59,google_play
platform is getting worst day by day. customer service is worst. they don't have any solution for any of the issues being faced by the user. today i have noticed that they subscription rate of ipos being shown on groww is incorrect and is far less than actual subscription rate. as expected from the worst platform.,1,7,18.16.1,google_play
"i have been utilizing groww as my primary investment platform. i particularly appreciate its intuitive interface and user-friendly design. the recently launched gr-1 ai assistant has proven to be an invaluable tool. it efficiently provides comprehensive information, eliminating the need for extensive internet searches. i was genuinely impressed by its capabilities and have, therefore, noted its recent absence following an update. i kindly request its reinstatement at your earliest convenience.",5,2,18.16.1,google_play
very easy to use always support for every query to resolve.,5,0,18.16.1,google_play
"hidden charges not use the app buy sell charge square off charge account mobile nabar edit <PERSON> charge ,better upstox , <PERSON> , zaroda",1,0,,google_play
i am using shiprocket quick for my regular local orders and the experience has been positive so far. the app is easy to understand and delivery progress can be checked quickly. i also find it useful when customers ask about their orders because the latest status is easily accessible.,5,0,,google_play
very buggy app every time it gets stuck when i go to the ipo option please fix it asap or else your groww share price will be more down,1,1,18.16.1,google_play
"best platform for trading, simple interface makes it even better and the upi features too makes it all rounder for any kind of financial activities",5,0,18.16.1,google_play
"i am investing for last 3 year, its a best platform for investing",5,0,18.16.1,google_play
app is perfectly running before groww update on sep 8. after it bugs like stock price suddenly stop i'm refreshing running and again stopped it repeatedly. check above issue,3,2,18.17.3,google_play
"this app is very bad, do not install any",1,0,18.16.1,google_play
you are worst service in loading stocks chart and option chains.,4,0,18.16.1,google_play
i like this app very much good for everyone for bignner for all etc...,4,0,18.16.1,google_play
"very genuine and accuracy, believable and trusted aap",5,0,18.16.1,google_play
charts are inaccurate and doesn't show more than 3-4 years <URL> update is pathetic as they provide scalpers button just above <PERSON> button. it very annoying.,1,0,18.16.1,google_play
"i've been using this app for almost a year and have no complaints about its performance or features. i'd like to suggest one small addition: an optional description field when setting a stock alert. for example, if hal is at ₹5,000 and i set an alert at ₹4,500 to buy shares, i'd like to note that reason in the alert. this would make alerts much more useful. i hope you'll consider adding this feature!",5,2,18.17.3,google_play
whrost service last friday submitted all the documents since last friday its showing account opening will take 24 hours i called customer care its ai picking calls no clear answer ticket number 27719447,1,1,18.17.3,google_play
trigger option is very bad my options is not considered,5,0,18.16.1,google_play
user friendly.. but brokerage charges are too high. if monthly package means could be better for f&o,3,0,18.16.1,google_play
bro add trailing stop loss system on charts.. get updated bro it's time to bring that,5,2,18.17.3,google_play
first time use invest aspect good service and good,5,0,18.17.3,google_play
its very wrong you are asking pan details to use the app. what do those people will do who want to watch market details and don't have pan or dont want to create account with groww the problem is that app automatically closes when you dont have entered your details ticket no 27725416,1,3,18.16.1,google_play
one of the best broker but charge so much,5,0,,google_play
it is good to use i have been using it for 2 years till now i didn't face any issue with this app.,4,0,18.15.1,google_play
"this app may be useful for beginners who are just starting out and don't know much about the process. however, if you are looking for good service, proper support, and a smooth overall experience, i would not recommend downloading this app. the service needs significant improvement, especially in terms of customer support and user experience.",1,2,18.17.3,google_play
"i'm using groww app from 2022 and doing investments through groww. groww app is very easy to use and also there is no maintenance charges at all. and, the charges for buying and selling share are also very less. i would highly recommend groww app for beginners, intermediate and experts as well. thanks a lot groww for making my investments easy and quick",5,2,18.16.1,google_play
i am very surprised that how the groww has kept the number one active user with itself while it does not even wander around zerodha.,3,0,18.16.1,google_play
"i have been using the app, most of the configuration works in sunc however alerts customized shoukd be eneabled , that can help to keep the alert for 3m , 6m or a year. currently its only available for a month and that creates lot of tracking",3,2,18.16.1,google_play
"complete manipulation, please correct the exit button and sl",1,1,18.16.1,google_play
quick and efficient service when required. great platform,5,1,18.17.3,google_play
"after taking the click also ,trade wasn't executed and i got loss because of your terrible performance, also tried to connect customer support but instead of understanding my concern they're reverting like ai , disgusting....",1,2,18.17.3,google_play
very bed sarvice poor sarver order not cancel soo bed sarvice customer care not responding any query don't trust this application avoid this application,1,1,,google_play
stock is being stuck and due to the same is being losses to customer,1,0,18.16.1,google_play
my app is ai option is not show,5,0,,google_play
"pls pls pls make it possible to change the timeline in sector trending today page. only 1 day change can be seen, make it 3/6 months and one year also, so that one can make decisions more accurately and timely. consider this as urgent n necessary switching account is not happening, not even logging out @10/09/2026",4,5,18.16.1,google_play
"worst customer support, no one responds properly. takes 1 hour to reply that they will look into the issue shortly and then provide some trash solution and immediately close the chat",1,0,18.16.1,google_play
"feature request: add application number and ipo name in upi mandate descriptions when applying for ipos, the incoming upi mandate requests on banking/upi apps (google pay, phonepe, <PERSON>, paytm) often show generic merchant names or lack clear descriptions. ​when applying for multiple ipos or using multiple accounts, it becomes difficult to identify which mandate belongs to which application. 10/9/2026 are you take any action for my suggestions???",4,2,18.16.1,google_play
previously its a good app. after updates its showing so many errors,1,2,18.17.3,google_play
its excellent platform & very user friendly. complete solution in one app,4,4,18.17.3,google_play
best simple application for trading shares over any application.. i prefer only groww thank you for this simple ui,5,0,,google_play
this app is so bad it is showing my account is on kyc hold but i already did buy and sell. it says it will be fixed after 2 days but now it has not fixed yet,1,0,18.16.1,google_play
it's my first experience investing via groww and expect better opportunities in the future. let's see what the future holds!,5,0,18.16.1,google_play
back button hiding issu on charts dont hide back button,1,1,18.17.3,google_play
chart hanging fix it otherwise i will uninstall this app,5,0,17.27,google_play
"groww is a very good and user-friendly app for investing and trading. the interface is simple, easy to understand, and smooth to use. it is especially helpful for beginners. overall, i am very happy with the groww app and would recommend it to others.",5,2,18.16.1,google_play
this app is very best broker in the world,4,0,18.16.1,google_play
waste app not good zerodha is best one,1,1,,google_play
this app good working. and and personal easy. all option available for investments,5,2,18.16.1,google_play
people invest and deal with charts in the stock market and the weakest thing in this app is charts don't show and mean what charts must be doing.,1,3,18.17.3,google_play
thank you for sending me this nice gift.,5,2,18.17.3,google_play
"it's a really good app ,but bruh pls fix the ai it's dumb asf",5,0,,google_play
"needs to work on more filters and ui list to help investors to pick the right stock of their interest like other apps. for muslim to find sharia compliant stock , similar to a jain they need satvik filter or if we need to pick some stock which have 1.low debt to asset , 2.high profit margin stock <URL>est trending ai, semiconductor, energy for data center * can we add debt to asset for manufacturing/infra company * debt to 12 month avg market valuation ratio for service based companies.",4,2,18.16.1,google_play
"this is good to buy stocks ,but some problems are there more brokerage charges are getting.",5,0,,google_play
it has been half a decade with groww started an investing journey from 2020 a great experience with no technical glitches or any other bad experience i have faced till now i liked the app easy users interface and other features over all 10/10,5,0,18.17.3,google_play
groww has very poor customer support and always busy customer staff they don't listen so it is better to change your broker i just mailed them today to send me exit formalities i was a member from 4 years and tested it all way,2,0,18.16.1,google_play
"good, but withdrawal money from the app should be faster",5,0,18.16.1,google_play
"i am using since a long but now it's not working properly, it's like as buffering, so i wants to switch another aplication",1,1,18.16.1,google_play
very good app for trading all types but one issue global market missing,5,4,18.17.3,google_play
"worst app, i can't even reactive my account after 1 year of investing, now i can't invest more",1,0,18.16.1,google_play
"on the special aap for trading investment and mutual funds, sip and more plan",5,1,18.14.1,google_play
very bad support either it is chat or call. they say wait time is 3 minutes. however no agent for long 20 minutes.,1,36,18.10.1,google_play
"i've been using this app for two years. everything's working fine, but its processing speed is very slow and needs some adjustments. whenever i want to redeem money, it takes five days for the money to be credited. change this a bit, groove! only then can you increase your customer base. reduce the redemption time from five days to two days.",4,3,18.16.1,google_play
the ui is user friendly but the functioning of the app is very poor it gets lagged when important trades are taken..........worst app to trade in or invest in.,1,0,,google_play
excellent this is the best dmat compare to other dmat account's,5,0,18.16.1,google_play
no customer support and the charge are much more then they mention,1,0,18.16.1,google_play
my indicator was reset. 3rd time this happened.,1,0,,google_play
fentastic over all review is 5 star ⭐ rating,5,0,18.15.1,google_play
newly implemented ai is not working as i'm not able to apply. then what's the use of apply button,3,1,18.17.3,google_play
"it's good overall, but i'm still waiting for the gmp option.",3,4,18.17.3,google_play
worst experience zero knowledge for costumer service team they don't even respond your stocks will get missed and loss becomes higher and higher when you get profit will have heavy deduction and the amount will miss directly if you ask in costumer care they don't even respond properly plz don't even install this address totally scam. plz be far from apps like this. thankyou.,1,0,,google_play
tis an amazing skill and this skill naver male me bored,5,0,18.16.1,google_play
"one of the best trading applications i have ever used , customer friendly",5,0,,google_play
"lately i did three day trades with quantities varying from 1 to 5 and the brokerage that groww charges is 10 to 12 rs on profits of 14 to 16 rs. i remember having a 14 rs gain of which i was only left with a net gain of 1 rs after brokerage, taxes and other charges. definitely won't recommend when brokerage charges are so high.",1,3,18.16.1,google_play
"cumulative investing is not easy to track when investors have multiple financial goals. it would be great if the app introduced goal-wise trackers with sub-divisions for goals like retirement, education, wealth creation, etc. this would make portfolio tracking much easier and more convenient. hope you consider this in the next update!",3,4,18.16.1,google_play
"in my life the biggest mistake took place 2 years ago and till now because of that, i lost several lakhs to recover that loss and it's all because of groww app was not connecting to the server. in the last two years what i lost is not money, i lost my mom's hope and dreams, she never lost belief in me. but she cried for the first time in my life, not because of money, because i lied her to not hurt. i guarantee you, i will not leave you, this much easily. u will lose bigger than that",1,1,18.16.1,google_play
it's very easy to use the app even for beginners but it doesn't have trailing stoploss for equity delivery trades and charges for 20 rs for every sell order. it will be great if the concerns are sorted,3,3,18.16.1,google_play
this app not stop loss working and high profit time exist button not working please don't use this app very very worst app dont installed,1,0,,google_play
simple and easy platform every support customer service,5,0,18.16.1,google_play
"very bad experience in selling stocks,i cnt sell the stocks , no response from the coustomer service.",1,0,18.16.1,google_play
very worst experience. no support from the customer service. i have sent mail also no reply. i thought of saving in mf's. by this experience i will not invest any. worst <URL>ready mailed no use,1,2,18.16.1,google_play
stocks mutual fund best services this app groww,5,0,18.16.1,google_play
"all indian brothers and sisters please be aware that groww is a big fraud company. they are tied up with some bogus companies and recommending their shares to us. i purchased shares from three different companies as per their recommendations and i lost rs. 10 lacs due to their fraudulent practices. how can they recommend us to buy some new, unrecognised, and bogus companies who are there to steal our money by internal share price movements. please stay away from this biggest fraud company.",1,1,18.16.1,google_play
"worst , only grow will grow not ur money",1,0,18.16.1,google_play
groww is a fraudulent company. it only exploits its customers and takes their money in the name of rules and regulations.,1,0,18.16.1,google_play
"unable to log in for the last few days. it keeps showing: ""your journey reset is in progress. try again."" please fix this issue.",1,2,18.16.1,google_play
very fast and clear out put app it,5,1,18.16.1,google_play
"i am concerned about the high brokerage charges for f&o trading on groww. the brokerage cost becomes quite significant, especially for frequent option traders and small-volume trades. please review your f&o brokerage charges and consider reducing them or introducing a zero/low-brokerage plan for f&o traders. competitive brokerage charges would make groww much more attractive for active traders. kindly consider this feedback and let me know if there are any lower-brokerage plans currently avail",1,2,18.16.1,google_play
"indians usually use initials in aadhar & full name in pan..aadhar and pan linked successfully with it dept, then what is the problem with your server says name mismatch in aadhar and pan. so, i opened account in angel one through online which was hassle free..i also have in iifl & kite. update your server to accept the minor variation in initials & expansions in names. however, i cant update aadhar anymore its a time waste process as it will cause lot of problems which linked to other accounts.",1,0,,google_play
this is a good app i like is app,5,0,,google_play
"plz provide a separate news tab for all news. inside news do separate stock news, global news, national news etc.",5,0,18.16.1,google_play
"loss due to miss click, please place the buy at market price / sell at market price button somewhere else instead of just below the name of stock/share.. many time when someone want to click on name of stock, they click the buy sell button",2,2,18.16.1,google_play
"all profile enjoying groww it self, dot use this app as never suggested. we investing to earn but they have very heavy charges, so please use othe budget freindly platform. i don't know and really surprised how the rating is so high even though other platforms providing best services at reasonable rate",1,0,,google_play
pls change for upi please change for the upi method it's very trouble for me why for the changing a wallet recharge method for internet banking,5,0,18.16.1,google_play
"i am extremely dissatisfied with my experience with groww. personally, i would not recommend this app to anyone for investing their hard-earned money. i have faced repeated issues while using groww, whether related to stocks, payments, money, or other services. my overall experience has been extremely frustrating and disappointing. i have personally had such a bad experience with this app that i no longer feel comfortable keeping my money here. based on my own experience, i would strong",1,0,18.16.1,google_play
it was very good once but currently it is completely corrupt in the name of loans.,3,0,18.16.1,google_play
i am giving half star actually for let updates of chart and shares prices. and too much charges are in option trading. brokerage is ok but external charges without any use and saying gst and bla bla .....wrost experience in grow and thats why grow loosing customers.... and remove that third class scalper mode which is near chain options.,1,4,18.16.1,google_play
lots of glitches are there now-a-days kindly remove that scalper mode button from the left bottom corner,1,0,18.16.1,google_play
"why you guys remove the back button, when we entered the candle stick screen",1,0,18.16.1,google_play
brokerage fees is high but easy to use btw app is good.,4,2,18.16.1,google_play
navigation buttons issue. bring back navigation buttons in chart view it's very annoying to go back while on chart or atleast give settings for auto hide navigation buttons or disable it while on chart please fix the issue of back button,1,1,18.16.1,google_play
very worst experience. i am making calls multiple times to the customer support services of groww. but they are not responding. i am unable to link my pan. that's why i am making calls to get the solution and guidance but no response from the team of customer support services of groww.,1,0,18.16.1,google_play
okay so after using it for 3 years it's best app for trading and smooth ui but sometimes it lags or just keeps buffering when markets are at high volatility so it should be improved and now i'm changing my rating because there ipo and f&o pages keep stucking and showing wrong information.,3,205,18.16.1,google_play
only drawback of this app is that it does not give to keep two different chart in one screen it should provide this service,5,2,18.16.1,google_play
customer support is very bad . human agents are not replying in chat and there is a very large time of waiting to connect to human on call and there is no option of call back,1,8,18.16.1,google_play
this platform is good for those who want to make a little profit and never be greedy.,5,1,18.16.0,google_play
"the app works fine, but i haven't invested in it yet. investing in futures and options seems like the right move for me, though i plan to do so later; right now, i lack both the full knowledge and the budget.",5,5,18.16.1,google_play
very helpful for easy analysis and stock exchange,5,0,18.16.1,google_play
very very good for invest and withdraw system easy,5,1,18.13.2,google_play
this is so simple app for investment. please add only benchmark comparison on mf.,4,2,18.16.1,google_play
super platform for trading and and investing life,5,1,18.16.1,google_play
no amount of praise is enough for groww. good good,5,0,18.15.1,google_play
news update and technicals of moving averages indicators are helping to understand about stock.,5,0,18.16.1,google_play
"this app is my sl orders automatically averaged, not to good, coustemer support very bad",1,1,18.16.1,google_play
the best for application for the following year old this gold is the best for application for the following year old,5,0,,google_play
please dont install this app. whatever you invest in grow it will take brokage charge,1,0,18.16.1,google_play
i am.um happy. makingn cheating and gambling. because of this soany middle class family life loss. even me to . i loss around 8 lacs in this grow. i never recd profit last 3 years. grow never supported me.,1,0,18.16.1,google_play
overall the same rakho contact me at the same time as well as the dark of the day is a good day song of the day is a good day song of the day is a good day song of the day is a good,5,0,18.16.1,google_play
"1) please include 1 week and 1 month return views in the mutual fund dashboard section, in addition to the 1 day return, to facilitate investment decisions during market declines. 2) when adding family members and selecting relationships, an error occurs. clearing all data resolves the issue.",5,2,18.16.1,google_play
this is great application and i am using for many years. i only feel they should add option for swp in application itself depending upon the fund value as its currently available in web version only.,4,0,,google_play
grow is best platform i am too excited easily invest an easy deposit i am thank you from grow,5,0,,google_play
"easy console, minimum brokerage and 24/7 customer care service.. i am the one who has been a consistent customer of groww for the last 6 years and still a lot more to go.",5,1,17.90,google_play
grow stocks app simple and easy to use .,5,2,18.16.1,google_play
there are some tiny annoying bugs and glitches in app,5,0,18.16.1,google_play
"one of best app for mutual fund, ipo share",5,2,18.16.1,google_play
worst customer support. never take loans from here specially <LOCATION>,1,0,18.16.1,google_play
"glitch in app permissions, even with sms permission revoked it can read your sms/otps without your consent! violation of privacy and security. be cautious while using. 2. app interface is not upto the mark as compared to other brokers. you need to dig into to open charts, option chain and vice versa- slow process. 3. for mf sips, otps fail several times",1,63,17.99.1,google_play
"investment stock delivery buy charges is big negative compare with other top brokers,i am aslo last some month's change my new investments new broker.",5,0,,google_play
"great experience, providing precise information and ver y easy to understand abt the stock or anything. overall very good app to explore the stock market.",5,4,18.16.1,google_play
"clean and intuitive interface. investing in stocks and mutual funds is smooth, fast, and hassle-free. great app for both beginners and experienced investors!",5,0,18.12.1,google_play
awesome but your brokrage charge are very high,5,0,18.16.1,google_play
<LOCATION>'s no 1 trading app. massive activity enrolled.,5,0,18.16.1,google_play
"if you want to become a debtor, use the groww app and start trading.",1,0,18.16.1,google_play
great apps for trade and all utilities benefits,5,0,18.13.2,google_play
very nice and user friendly share market app. thank you.,5,1,18.16.1,google_play
you are the biggest app of <LOCATION> but service is worst. chart is not loading on different time frame on app and in pc too. kindly work on thisat the earliest .,1,2,18.16.1,google_play
"⭐ 1 star i have been experiencing several serious issues with the groww trading platform, particularly with chart accuracy and market data. the chart candles sometimes display incorrect ohlc values, and the day high and day low prices do not always match the actual market data. there are also instances of delayed price updates, chart inconsistencies, and other technical glitches. for an active trader, accurate and synchronized market data is extremely important. incorrect candle or price informa",1,3,18.16.1,google_play
"i am using groww app from last 5years, this is first time, last update is not user friendly. please rollback this as soon as possible.",3,0,,google_play
"fraud app cheat people, don't show libarage amount.",1,0,18.16.1,google_play
please do not use this app. the customer support is not active all responsive.,1,1,18.16.1,google_play
the worst trading application ever. there are several glitches in order execution process. the customer service is also not having any idea to resolve the issue.,1,0,,google_play
to continuously grow your investment opt for only groww app. thanks.,5,1,18.16.1,google_play
i am using since launch but groww customer support is degrading day by day . you cannot contact by anyways. they will not reply or receive your call while you wait hours,1,0,,google_play
"easy to use , best for mutual fund",5,1,18.1.0,google_play
"last updated is not user friendly. while going in the chart mode, back button disappearing in bottom left of mobile.",2,3,18.16.1,google_play
app not opening.. saying something went wrong and asking finger print again and again. tried with mpin. asking again same with something went wrong message. during market hours.,5,3,18.16.1,google_play
good but unwanted content are more displayed. hence required minimum.,5,1,18.16.1,google_play
easy to complete setup and use. charges are very less.,5,2,18.16.1,google_play
belive ti trade and maintain safe and secure,5,1,18.16.1,google_play
groww platform has the simplest user interface among all available apps. i have been using it since 2019 and it is my most trusted application.,5,1,18.16.0,google_play
pls show daily profit or loss/ profit loss,3,0,18.16.1,google_play
"daily updates delayed, need to work on it for fastest update.",3,2,18.16.1,google_play
horrible ui filled with all sorts of nonsense,1,0,18.16.1,google_play
why you are not giving facility gtt and oco order at the same time? and the last update when i am showing chart for a stock then back switch not working.,1,0,,google_play
dont open your account groww are the fraudsters they will sell your quantity on very least basis please avoid groww if you are groww. shame on you groww people,1,3,18.16.1,google_play
"it's a worth app, taking too much charges any trade and etc problem facing me and other traders",1,4,18.16.1,google_play
can i get the privies <URL>st version indicators i <URL>s help me,5,0,,google_play
"don't install, they sell your data to other companies. and they torture with doing call every minut.",1,1,,google_play
new updated system is creating some issue as i am facing. f&fo scalping option are coming under the chart when opening in trading view chart and back button is getting auto invisible but while getting back many time scalping option is getting clicked and auto changing to grow chart. it should be resolved as this issue was not in previous update.,3,64,18.16.1,google_play
"wonderful, reliable, <URL>rmative, encouraging.. motivational all time helping and guiding app",5,0,18.15.1,google_play
"worst update old version sow good, position fast exit and close option, miss new update is",2,1,18.16.1,google_play
groww is best and simple way of doing trading and best feature is f&o lock which help me to trade in limit .,5,2,18.16.1,google_play
"the customer care team is highly unprofessional. employees like <PERSON> mute and disconnect calls ! even after sending several emails with proof, the groww managers/management take absolutely no action. they are clearly biased and protect their staff instead of helping their loyal customers who pay for their services ! extremely disappointing and humiliating experience !! now they'll immediately respond here asking to write to support@groww.... but nothing happens !!",1,3,18.16.1,google_play
whenever you take trade even if you are correct they will show you in loss. also when you profit they give you less amount. soon this app will be a complete loss and shutdown soon.,1,5,18.16.1,google_play
verry verry bad application so suks percentage leval verry high,1,0,18.16.1,google_play
install install app and use it for sometime,5,0,18.16.1,google_play
the app is super friendly for beginners and mf investment but really needs to work on the customer service please put a real human who can listen and help us properly for any issues.,3,1,18.16.1,google_play
sir pls shift upside this scalper feature from the down side in the chart,1,0,18.16.1,google_play
if both target and stop loss be available in delivery trading in the same platform then we may get more profit .,5,0,18.15.1,google_play
good app good experience and i need groww dress plz provide plz plz plz,5,0,18.16.1,google_play
app stuck problem 5min chart not working properly,4,2,18.16.1,google_play
high chrge app design user friendly but charge is very very high buy selling total profit suvaga,3,0,,google_play
worst customer care that ghosts us if you ask any questions,1,0,18.16.1,google_play
"1 star is just to get your attention to this matter, will change it later! 1. <PERSON> needs an automatic trailing stop loss option! please check fyers for inspiration! 2. charts loading in mobile app get stuck frequently, any reason or fix to it? 3. independent cpr indicator and previous day high and previous day low, previous day close marking indicator are required. again, please check fyers for inspiration! please reply, if at all do you have any plans for implementing these ? thanks",1,200,18.16.1,google_play
gray market premium not available kindly request please add this feature,5,0,18.16.1,google_play
it's easy to operate and nice to use.,4,3,18.16.1,google_play
i become a millionaire within a month you guys should try it highly recommend,5,0,18.16.1,google_play
add the recently viewed stocks feature again it is very helpful......,5,0,18.16.1,google_play
please update the app bcoz when we open chart the navigation buttons are disappeared.,3,2,18.16.1,google_play
order execution takes a lot more time than expected in 2-3 seconds 5 to 6 k loss occurred,3,2,18.16.1,google_play
the app is good to use but one thing is very annoying that when you are in trade you can't setup sl and target same on the chart.,3,5,18.16.1,google_play
i requested to change minor correction in demat opening and aadhar card and pancard. the entire process online. now all mutual fund houses are going online demat account opening. cersai kyc identifier 14 digit column not inserted backend form designers. it avoids prospective clients the trouble of scanning pan card and aadhar card uploading. still insisting physical xerox copies to be sent through courier. they routinely reply.,2,1,18.16.1,google_play
it is a very good broker. groww should start everyday sip. also groww should have their own international mf.,5,1,18.15.1,google_play
very nice work and easy well done groww,5,1,18.16.1,google_play
very good groww work and all to much,5,1,18.16.1,google_play
"all expense ratios are incorrect on groww. that's not acceptable. for ex, trustmf midcap or trustmf small cap is mentioned 2%, in reality it's 0.45%. abbakkus large and mid 3.5%. is that a joke?",1,1,,google_play
2019 nunchi grow account use chestunnanu chala comfortable ga untadhi naaku <PERSON>,5,0,18.16.1,google_play
app was working fine. after the update the navigation button becomes auto hide on candle page. this is too annoying.,3,1,18.16.1,google_play
worst customer care service most of the time it took more than 15 min to connect to customer care it always say more than 5 min we will connect you pathetic customer care response,1,0,18.16.1,google_play
make money with groww & your life growth,5,0,18.16.1,google_play
i'm using from last years ot really good app and customer care service is fantastic,5,0,18.16.1,google_play
brokerage charges are so high that i have to move to another peers to save my money from this greedy broker ...!,1,1,18.16.1,google_play
u guys deserve 5 star but need to learn some features from zerodha ..3.50 pm there is after market transaction which zerodha allows but groww don't allow <URL>ease look into it <URL>so at pre open of ipo zerodha allow us to place order before 9.38 but groww doesn't,1,0,18.16.1,google_play
not <URL>ter new update scalper option is given down that is very irritating every time. its getting pressed all the time.. pls change its position.,4,0,,google_play
good for a new learners in stock markets.,5,0,18.15.1,google_play
"hii, everything is good about groww while using it for trading, but a problem which i am facing is i can see many upi ids in ipo payment section please provide any solution to remove it or keep a limit on upi ids in that section",1,3,18.16.1,google_play
using several years today opened zerodha for low brokerage and easy gift share option.,1,3,18.16.1,google_play
very good app for long term weath creation,5,0,18.16.1,google_play
excellent app. outstanding <LOCATION> to operate. all the very best.,5,3,18.16.1,google_play
check <PERSON> app. groww app should grow now!!!,2,0,18.16.1,google_play
nice aap easily understood and usage is also a nice experience. good aap,5,0,18.16.1,google_play
sending wrong payment amount to bhim! fix this or else change your product managers!!,1,0,,google_play
very easy to buy stock and easy to invest money,5,0,18.16.1,google_play
"worest and <PERSON> app, it holds some amount without explaining the reson on withdraw time.",1,0,18.16.1,google_play
last update ui is wrost please remove scalper mode on bottom,1,3,18.16.1,google_play
"the option chain become laggy? when i open the chart on my phone and then open the option chain, the option chain starts lagging.",4,1,,google_play
it is worst app my inside money gone and i see it shows minus literally if anyone download these app please see the my comments then you download and invest,1,0,18.16.1,google_play
1.every week update <URL>side charge 3system fult <URL>stmer response 0000,1,0,18.16.1,google_play
"after the update, on screen button in android is not working as earlier when the groww's app technical chart is opened. just let me know by when this issue will be resolved?",3,1,18.16.1,google_play
great app and very fast app suggestion: need link for top 5 buyer seller window (android phone),4,3,18.16.1,google_play
"groww is a very user-friendly and reliable investment platform. the app is simple to use, transactions are smooth, and the overall experience is excellent. highly recommended",5,2,18.16.1,google_play
all future goods and stock marketing easily play,5,1,18.16.1,google_play
"groww provides a simple and user-friendly platform for investing and trading. the interface is easy to understand, transactions are generally smooth, and the overall experience is good. customer support and service improvements would make the platform even better.",5,3,18.16.1,google_play
auto debit directly from saving account for share purchase from market.,5,0,18.16.1,google_play
complete your kyc & esign process 34.1k coin <URL> on the link below. <URL> the app. <URL>gister on the app via mobile number present in your device. 4. complete your kyc & esign process to claim this reward. 5.open demat account. 6.buy stocks worth rs.50 to claim this reward. ( mandatory ) note: buying stock is compulsory to receive cashback.,5,2,18.16.1,google_play
worst experience... trying to reach the customer care to resolve my issue...but couldn't <URL> reply to email and didn't pick up the customer care call....waiting since friday,1,4,18.16.1,google_play
"it is very nice aap,i am using it.",4,1,18.12.1,google_play
understand very easy for low english know people,5,1,18.16.1,google_play
"hello groww your team cut my money in our mutual fund sell unit """""" your team resolved it my gotal money debit 3700+",1,0,18.16.1,google_play
"just now uninstalled the groww app. i though of trading, options through this app. intially, i wanted to observe this app, if conducive wanted to dive into it. holy cow, the recent update made it worse. unable to explore the features or trying to take the credentials of my account. not even deserve one star. i wonder how all those 5 stars you guys got !!! groww, you really messed up with the recent update.",1,0,,google_play
super groww is a good income in my life,5,1,18.16.1,google_play
top list and lower list mention this app,5,0,18.16.1,google_play
"best user interface ,but high brokerage charges . i recommend kotak neo to everyone under age 30",2,2,17.98.0,google_play
worst customer service executives and world of delays,1,0,18.16.1,google_play
"deserve 0 because of pathetic customer care service edit: groww makes people wait for every message for 15 to 20 minutes, sometimes even half an hour. they want people to use groww's customer chat service and forget everything in their lives.",1,0,18.16.1,google_play
please provide 'cpr with pivot levels' indicator and 'layout' features...,5,0,18.16.1,google_play
my re kyc option is not showing please check <URL> waiting form last 5 days,3,0,,google_play
very useful app for those who r intrested in share market...,5,1,18.16.1,google_play
"nice platform for trading, but for some intraday stocks margin money is less compared with zerodha",5,1,18.16.1,google_play
recent update to the app pushes for intraday trades by randomly auto selecting intraday option in buy screen. dirty tactics to increase margins? support is clueless and plays dumb. it's a shame because i really liked this app so far over other players.,2,7,18.16.1,google_play
data doesn't update after latest update. i have to refresh every second to track prices,1,1,18.16.1,google_play
"once mf orders are added into cart, no option to access cart and process payment for all orders at once",3,1,18.16.1,google_play
this is good to use and easy to working all steps,4,0,18.14.2,google_play
worst customer service. neither do they respond properly providing solutions nor do they provide proper services.,4,0,18.15.1,google_play
the app is easy to use and the design of the app is very good. and this black ui giving vibe,5,4,18.16.1,google_play
"very easy to use the app,using the app from last 5 years.",5,1,18.15.1,google_play
my loan section is not showing pay in advance and foreclosure option please fix it,3,0,18.16.1,google_play
great app to track all the external funds .,5,0,16.64,google_play
add the expert analysis about the stock and more,2,0,18.15.1,google_play
is app is a saving money. i am happy this app.,5,0,18.13.2,google_play
"i am new user, unable to login with my mobile number. it always gives error - ""something went wrong"". trying for past week, same error. please allow login with emailid alone so that i can try out all features of groww ecosystem. unable to even start/tryout the app. very disappointing.",1,7,18.16.1,google_play
good experience last 4 month start niwes throghw this app,5,0,18.16.1,google_play
"funds not loading quickly after latest update login problem, on website and app, please look into it (since update)",5,1,18.16.0,google_play
groww is a good app and good working and good advice,5,0,18.16.1,google_play
brokerage high and order placement is very slow,2,1,,google_play
good app with very simple interface. almost every thing u need is available. customer support is very good also during market hours. need improvement like trading on chart. no export advisory for trading. the fee on trade is high compression to other 5* rating trading apps. for 0 trading fee novia like app is best. hope grow team also do better for customer.,5,6,18.16.1,google_play
"misleading app, the app will create f&o, bonds accounts without your concern. by mistake if you tap on them, it will show a popup about the feature, but it will not ask your permission to create an account.",1,10,18.16.1,google_play
"superb one much better than its competitors especially angel one ..,",5,2,18.16.1,google_play
"hello, overall good application, simple easy to use, plz increase the capacity of watch list, need minimum 250, and also request add us stock",4,5,18.16.1,google_play
user friendly.. simply superb to use.. i strongly recommend this app to all trading enthusiast,5,3,18.16.1,google_play
"best app for users,very simple and knowledgeable home page",4,1,,google_play
easy to use. i need clarity on brokerage charges with tax % for trading in commodities,4,1,,google_play
"the worst broking app , many glitches whilentrading i won't recommend using it",1,0,18.16.0,google_play
very nice app for stock mutual fund very easy user interface and very low platform charges.. thank you so much,5,3,18.16.1,google_play
please add the option where we can find out which fund performing well nd which one is bad.,4,2,18.16.1,google_play
"i have never seen a better app than this, it is so simple and a great app for both beginners and experienced users.",5,0,18.16.0,google_play
"i have been a groww customer for the last 5 years. since last month i have been trying to update my e-mail id but due to reasons unknown it has failed number of times. everytime i tried changing the email id it shows ""account creation is in <URL>z try again once the account is activated''. i contacted the customer care number of times but they failed to resolve the issue. also the customer support of yours is unable to reach. many times its not reachable. worst customer care.",1,6,18.12.1,google_play
l like this app so much thanks to developers to listen my words may be this change will helpful for everyone,5,0,18.13.2,google_play
the apps says that it is not compatable with my device. so i cannot operate anymore.,1,0,18.2.1,google_play
brokerage charges very high other apps brokerage charges 0,1,0,18.16.1,google_play
negative points for groww long term investors equity delivery buy charges high compare another brokers,5,1,18.16.1,google_play
the customer service is worst. i don't get any reply even though it say 24/7 support,1,0,18.15.1,google_play
"other trading apps provide an oi (open interest) profile directly on the live chart. could you please add this feature to the groww app as well? it would make it much easier for traders to analyze oi levels, support/resistance, and market positioning directly from the chart.",3,1,,google_play
"groww is one of my favourite applications when it comes to investment however the major issue with groww is it's customer service, their ai disconnects the call repeatedly and their chat service responds with much delay.",3,5,18.16.1,google_play
"don't install this app its worst the candle timing is not accurate and for past weeks the last candle makes very abruptly confusing all instead go for other brokers like tradingview, dhan, fyers etc",1,1,18.15.1,google_play
"on the new update the full screen chart is automatically switching to full screen, the new scalper switch on the bottom annoying getting turned on!",1,1,18.16.1,google_play
"my experience was fantastic with groww over the years..i have been using this platform from past 4 years and i just wondered why no other platforms, mainly the peer companies don't have this ease of use..but off late the updates in this particular app is getting so vulnerable that it totally lacked the ease of use..",2,9,18.16.1,google_play
"after the recent groww application update, it has been observed that the bit by bit graphs are not getting updated immediately and lag behind. i need to refresh the screen to get the updated price. kindly fix this.",2,8,18.16.1,google_play
unnecessarily asking for money and not showing proper options or steps to sell the stocks. i made loss because of them. came back to playstore to give this app 1 star (0 is not an option) found that already given. waiting for the day to delete this app forever. most stupidest app ever.,1,2,18.16.1,google_play
"stocks and f&o intraday sqareoff timings always problematic(they mentioned 3.20 p.m ),but,they sqareoff any time they want and loot sqare-off charges (50 + gst.)",1,4,18.16.1,google_play
the new features are third class the old features were great to know all the charts at a single time after seeing the new feature i really want to uninstall the app now the have another feature like grow chart & scalper mode hate it a lot me and all of my friends nobody likes that button very very irritating,1,2,18.16.1,google_play
"very bad application, customer support system is very very bad, don't download this app if you don't want to loose your money.",1,1,18.16.1,google_play
"worst app, even after successfully approving the ipo mandate, the status on groww is not updating.",1,1,18.16.1,google_play
support is too bad if u face any trouble they will too much time to provide assistance approximately upto 1 week for minor issue. no resolution even sending mail to the given mail id.,1,4,18.16.1,google_play
"previous update was best. new update is creating problem in chart page, the lower right side ""scalper"" option.",1,0,,google_play
nice place for learning and trading/investment made easy.,5,2,18.16.1,google_play
worst experience . this app interface for mobile is designed to rob the option trader with frequently changing interface. every next update makes your buttons different and your habit of previous window buttons make you place orders or exit orders accidentally.,1,13,18.16.1,google_play
the app keeps crashing continuously after the recent update. kindly fix that!,1,0,,google_play
"in charts mode the scalper option is irritating please remove it, or place it on other side",1,0,18.16.1,google_play
"after recent update, back button disappears in the bottom once u enter into trading view.",1,0,18.11.1,google_play
add advance order feature for allotted ipos.... it's the feature all ur major competitors have just not you... how come ur technical team didn't notice this earlier....,1,4,18.16.1,google_play
some times very lagged we refresh every minute,1,1,18.16.1,google_play
good experience and essay stocks buy and sell i like this application,5,2,18.16.1,google_play
"new features like screener, volume shockers etc added made easy to filter the stocks. keep improving......",5,4,18.16.1,google_play
it's been a week since i requested to close my demat account but there has been no response.,1,1,18.16.1,google_play
recently many apps have been a headache to me and i'm glad to say this ain't it,4,0,,google_play
add new functions such as (index +call/put) layout to appear on the same screen,5,0,18.16.1,google_play
nice aap for stocks & mutual funds excellent service.,5,0,18.14.1,google_play
my holding is loss 10000 but i will happy,5,0,18.15.1,google_play
ai button at the top was available before but after updating the app it is remove. why!,1,0,18.16.1,google_play
"groww is very easy to use compared to many apps, which i really like. however, there is no separate category or dedicated section for international mutual funds, making it difficult to find all available funds. i've also noticed that international funds currently not accepting new sips or lump-sum investments don't even appear when searched in the app. this is very disappointing and frustrating. because of these issues, i'm giving groww a 1-star review.",1,9,18.16.1,google_play
"please don't download this app , because they have worst support system. my experience: i called their support team for email changing problem due to its locked for some reason,they told it's may take 2/3 working days but even after 10 days their is no response from them ,i also raised ticket but nothing changes,still no response, it's time to change app",1,6,18.16.1,google_play
very good user friendly but brocarge charage is little high,5,6,18.16.1,google_play
easy to use. simple ui. quick and responsive.,5,0,,google_play
"app deserves 5 stars for its user friendly interface, because there's no bond market viewing and trading, and still we can buy bonds feels that something is lacking, please update this issue soon.",4,19,18.16.0,google_play
"can you please add review portfolio facility feature to the app, like ind money and power up <URL>is will be great help tp existing user",3,0,18.15.1,google_play
"very good, i am very impressed by using this app... very simple to use...",5,3,18.16.0,google_play
the app has become too slow. and heavy. earlier it was lite and superfast.,1,0,18.16.0,google_play
"i don't like the current way of showing income and profit of companies , please update back to the previous design.",5,9,18.16.0,google_play
"using groww since 2018 for both swing trading and long-term investments, including mutual funds. the app is super user-friendly with fast order execution. i really love the clean interface—it doesn't clutter the screen with unnecessary data, making it very easy to understand everything at a glance. highly recommended.",5,8,18.16.1,google_play
"the app is super user friendly, and is an easy recco for all beginners.",5,2,18.16.1,google_play
add notes options in watchlist as other brokers given. please reduce brokerage charges as it is costlier in charges.,4,7,18.16.1,google_play
any time app show update just 15 days ago i updated but recently i show new update,2,1,18.15.1,google_play
charges is so much high and no any help,1,2,18.16.1,google_play
app is not installing after update and there is some problem while installing from playstore askin to delete most of the apps from my mobile please solve the problem or install previous app,1,1,18.13.2,google_play
"good app , thanks all groww team for continuous improving and new technology features.i want one more feature. when we set alert for nifty, if the nifty spot price triggers that alert, the option trade should be executed automatically.",5,8,18.16.1,google_play
"nice app, but they may think about their brokkerages.... it's to higher than others",4,0,18.16.0,google_play
niche and beter app service beter security team are beter,5,1,18.16.1,google_play
"good service , can i buy your groww own share it's good for wealth",5,0,,google_play
it's very easy to handle. that's why it's perfect for normal people to use.,5,1,18.14.2,google_play
"i want ""line with markers"" tool in this app",1,0,18.16.0,google_play
slow and cahrt sticks while going from one share to another,1,0,,google_play
"very poor customer support, practically no help desk. the available ai help is of no use and infact irritating at a time of need of help. the instantly available ai help literally sucks the mind without any meaningful delivery of result.",3,0,18.9.0,google_play
"im using aap grow so, very useful aaps <URL>anku grow",5,0,18.15.1,google_play
"its a basic app dont use this, use zedrodha or angelone",1,1,18.16.1,google_play
very good for investing and also grow your experience,4,1,,google_play
"excellent:- stock market steps to loose money. my losses above 27 lakh. preparing demat account means start to loose hard earned money without any hesitation. post office and bank fix deposit is the supreme work. if you want to defeat inflation. loose all money in stock market, than no fear of inflation. buy land,invest for business practices and if you are unable to do any business than fix deposit much supreme work. i don't trust stock market as stocks,mutual funds or option trading etc",5,0,,google_play
"when i open the chart most of the space is blocked by the terminal, etc chart space is very small also when you open the chart full screen the buy and sell button is not working.",1,4,18.16.1,google_play
"very nice and great app working right now, i love it",4,3,18.16.1,google_play
good ui and user friendly but needs improvement in charts part,4,2,18.14.2,google_play
the best and most user friendly trading app!,5,6,18.16.1,google_play
"best app for investment, easy to understand and easy transaction options, easy to understand a stock movement from its beginning to right now at glance only. super and thanks to team grow.",5,10,18.16.1,google_play
main purchasing or selling time always has their technical issues. disgusting...,3,3,18.16.1,google_play
groww is amazing stock broker and easy to handle also gives market related news. so i will recommend for this one.,5,5,18.16.1,google_play
"i have been using this app for last 20 days. as a beginner i'm very satisfied with their service. app is pretty fast. especially ipo application process happens at lightning speed. they provide tons of information on stock market. i have been using groww for 3 years and there is a continuous all round improvement, hence never felt to try to some other app.",5,14,18.16.0,google_play
not live show mutual fund market up down,1,0,18.16.0,google_play
the latest update has an issue as it's showing full screen on the chart page which is making it difficult to navigate to the back screen. please fix.,2,4,18.16.1,google_play
very poor application every time technical glitches during trade,1,0,18.15.1,google_play
grow charges are there while buy and selling the stock is ₹2 means grow charges ₹5,4,1,18.16.1,google_play
the best and faithful app and provides more useful information.,5,1,18.16.1,google_play
tp he app is great; it provides accurate market information in a timely manner.,4,1,18.15.0,google_play
"i love the minimal but vast options available in the app, be it stocks, mf, commodity etc but i feel that 1 thing is lacking. in the groww web they recently included that feature. i'm talking about trade directly from charts i.e., like <PERSON> you can simply drag drop sl and target levels. the feature is there in groww web but it is not available in mobile. i usually trade from mobile so if they roll out this important feature i'll come back and give it a 5 ⭐ even zerodha kite has that feature now",3,22,18.16.0,google_play
"groww is a great app, but adding volume candles (volume candles / volume profile) directly to the charts would make technical analysis much easier for active traders. please consider adding this feature in upcoming updates.",5,5,18.16.1,google_play
"groww must introduce a trailing stoploss feature on the chart. to groww team , please don't make any delay to introduce this feature. we need this feature by next week",5,1,18.16.1,google_play
very nice app my first trading start for the grow,5,0,18.14.2,google_play
"millions of retail investors, including me, have happily connected with groww and invested their hard-earned money through the platform. it is encouraging to see the platform continuously growing. we sincerely hope that groww, along with sebi, will remain vigilant and take all necessary measures to prevent any kind of scam or fraudulent activity, ensuring the safety and protection of investors' hard-earned money. thank you team groww",5,4,18.16.1,google_play
i am using it continuously and feels happy but some other features of indicators are not available wrt zeroda.,5,5,18.16.0,google_play
too easy to understand its function for trading... thanks,5,3,18.16.1,google_play
bonds purchased through groww app are being shown with loss of 99%,1,3,18.16.1,google_play
easy process if you know what you are doing for better future,4,0,18.14.2,google_play
very simple platform for investing. only bad thing is the console pattern keeps on changing which makes it difficult to familiarise. stop changing console appearance.,3,12,18.16.0,google_play
"why doesn't the groww platform offer a pre-market sell option for sme ipos, whereas other platforms do?",3,2,18.16.1,google_play
make a preview like zerodha and others. reflect on singhal screen investment market value qty avg price cmp today profit total profit,1,0,18.16.1,google_play
matual fund is not work properly stp & swp not work properly,1,3,18.16.1,google_play
don't install because this app is not working smoothly.,3,1,18.16.0,google_play
the brokerage charges is too high 135 plus taxes on 5000 sale,3,0,,google_play
this app ok but new update inquired best app . price rate very highly. and midclass pepelo high usage this app. but stock information all people note interest. we it app stocks market class on-line best <URL>ease starting class.,3,1,18.16.1,google_play
"been using this for 4 years but recent ""advanced features"" made it hectic. 1. scalper button placement is terrible; whenever i hit back from a chart, it accidentally triggers scalping. not everyone is a scalper! give an option to hide it. 2. severe chart lag: switching charts still shows the old asset first. i have to go back and reload it twice just to refresh. 3. web version is too complicated and confusing for investing. frustrated with these bugs, i finally moved to another platform.",2,11,18.16.1,google_play
not tamil language customer care supporting..! pls give all indian languages customer care support..!,1,0,18.16.0,google_play
"hello groww team, i would like to suggest a useful feature for the groww app. could you please consider introducing an in-app share transfer/gifting facility, similar to the online dis / transfer stocks feature available on angel one? currently, transferring shares to a relative or to another demat account requires going through cdsl easiest, which makes the process more complicated for users. it would be much more convenient if groww could provide a simple ""transfer/gift stocks"" option",5,5,18.16.0,google_play
portfolio analysis not correct... it shows wrong figure... before update it shows right but after update of app it shows huge difference between invested and current values... kindly fix it,1,2,18.16.0,google_play
"it is a very good and transparent market, everything is very independent.",5,0,18.15.1,google_play
very good and iam happy to first investment in my life,5,0,18.16.0,google_play
simple and easy to use.. but need more updates in trading,5,3,18.16.0,google_play
the new update is really bad. every time you open the chart then a scalper option appears below instead of an earlier touch screen panel.,1,1,18.16.0,google_play
"dear groww, the only reason i am using this app cause of simple interaction, updating the app is good, but if you keep things complicated, i will have to close my account. don't force your new updates on users, keep the interface as clean as possible. e.g. the scalper button you have added near buy/sell, asked whether user need that button or not and also stop forcing groww charts. both are irritating while trading. please solve this issues asap, or i would have to find new broker.",2,10,18.16.0,google_play
"want to make your trading journey easy then never use , groww very bad experince with it",1,1,18.14.2,google_play
"the customer support process takes too long, even for urgent issues. the withdrawal was also delayed despite sufficient funds being available in the account, which was particularly inconvenient as the funds were urgently needed. they didn't allow me to withdraw even after 10 am.",1,4,18.16.0,google_play
"i have been using groww for a while now, and the overall experience has been fantastic. the app rarely lags, tracking my portfolio is very easy, and the interface is highly intuitive for both beginners and pros. highly satisfied with the performance and transparency.",5,4,18.16.0,google_play
apps is good but customers service very disappointed,4,0,18.15.1,google_play
"it's a waste app, once we complete the trade we can't draw our money and they don't allow us to withdraw, whereas other apps allow us to draw money after deducting our charges even if it is lost or profit, some apps allow us to draw our money on saturdays, hereafter i will stop trading on grow",1,8,18.16.0,google_play
best interface to understand for beginners. but fd feature is missing otherwise best app for investment.,5,3,18.16.0,google_play
worst trading app;taking so much charges.wanna uninstall very soon,1,0,18.14.1,google_play
ridiculous new update. when we open the charts the back button on our phone just disappears and we end up clicking the scalper mode or a different chart when not needed. also the limit order is auto filled every time we click. so annoying to modify. every second in trading is important but you are just wasting precious time of trades.,1,87,18.16.0,google_play
1. after new update scalper option is given down that is very irritating. its getting pressed all the time .. kinldy change its position.,1,25,18.16.0,google_play
"thanks to groww app's new update, i am anyway shifting from groww app to other app for my chart analysis. in the new update, as soon as i open the chart, my gesture buttons disappear, and right in that exact spot, they have placed a new button called 'scalper mode'. if that button is pressed by mistake, the tradingview chart immediately switches to the groww chart. similarly, if i touch anywhere on the option chain by mistake, an order gets placed. i don't know why it has been designed this way.",1,0,17.55,google_play
worst support team ever guys please don't use this application it's so frustrating to talk with the support team when you'll be explaining something they'll leave your call on hold i experienced it when i was saying my problem to the support person he left the call on unattended i waited for like 5 minutes still no response from that guy it's just so annoying how you are taking so much brokarage and still you can't load the volume candles properly on the desktop,1,9,18.16.0,google_play
when trades are shown on premium of option <URL>d the stop loss and trailing stop loss adjusting by dragging the stoploss and trailing stop loss feature <URL>ats the only thing missing there...,3,2,18.16.0,google_play
"had to rate 3* down from 5* why? let's explain. initially, i thought it was happening only with my phone, but later on i discovered that everyone else was facing the issue with the latest app update. so, this was a deliberate strategy by groww. the issue: as soon as we launch the app and authenticate (login), the f&o page remains the initial landing page, regardless of the fact that i don't use the f&o feature, it's paused on my account. remark: this is not acceptable.",3,5,18.16.0,google_play
"hi team, recently i see some issues on groww app. when i open any chart , it's automatically changed as full screen and hide the back button, so always it auto selects the groww chart option. please rectify it.",1,3,18.16.0,google_play
"on viewing the chart, the bottom navigation buttons are hidden automatically even though the navigation buttons are fixed in my phone settings, i have to swipe up each time to get those navigation buttons and click back button. kindly fix this issue in next update.",1,4,18.16.0,google_play
"this app has a clean user interface and is very easy to use. i have just one suggestion to improve the app interface. if any sip is cancelled or rejected, it should disappear after 30 days. also for stocks, sold orders should auto-hide or disappear and show active holdings only. this will make the app much cleaner for long term investors.",4,5,18.16.0,google_play
update of 27 august was worst one ..,1,0,,google_play
new updates was very bad it's captured whole screen i can't able to go back because my back bottom already hide by this apps screen.,1,1,,google_play
i trust this app . grow app is so easy to use. i recommend this app to all of you.,5,0,18.15.1,google_play
"they make life hell after recent update, hiding navigation bar when enter to chartview, you can't navigate from chartview as navigation bar got hide, when try to enable navigation bar, scalp mode or chain is getting option which i don't want. no support from cc.",1,6,18.16.0,google_play
groww app is the best plate form for training,5,0,18.14.1,google_play
thanx for introducing groww charts please add volume profile fixed range indicator in indicator list,2,3,18.16.0,google_play
user friendly app for new and 1st time investors.,5,1,18.16.0,google_play
new groww chart is irritated by default settings and on charts scalper mode is direct click whenever i tried to go back,3,1,,google_play
"too much charges, and slow order execution, target execution is not great, chart interface back button is removed. ill move out of this app",1,1,18.16.0,google_play
"very long process to close position partially it should like sahi, <PERSON> using opposite button in scalper button.",3,1,18.16.0,google_play
my experience is very very nice with you. thank you very much groww and your supporting members.,5,0,18.13.2,google_play
the best investment app i have found. direct mutual funds are available and no fees or other hidden charges are levied. very satisfied with this app.,5,13,18.16.0,google_play
"worst app for trading, never use this. i can't close my demat account easily. their team is not respond on time.",1,1,18.15.0,google_play
i have applied for a demat account opening on 12th august but till date it is not opened. every time customer care gives a new date for resolution. not happy with the service.,1,4,18.15.1,google_play
there is a problem i am not getting any message as sms or in upi when i withdraw the money please fix it immediately.,3,1,18.16.0,google_play
using it for <URL>ally nice and easy interface.,5,1,18.15.1,google_play
why do groww charge so much i invested 1000 and within 20days they charge 246₹,2,0,18.16.0,google_play
need to update better or i should go for <PERSON> app. reason to update because in live market when i leave mark for trade and after some time my level mark was not seen . and everytime i close app and open it sometime don't show candle properly. very bad,1,0,,google_play
customer support is too <URL> one will answer your calls they will make us wait for more than 10mins in chat support no one will respond just because of app is good do not download and use i am leaving it for worst customer service,1,1,18.15.1,google_play
this gu app is charging extra money in the name of groww charges on buying or selling of stocks and the worst thing is that.. they even don't follow sebi rules and hold money for extra time and can be withdrawal able after 10am of next to next days if there is a holiday they gonna hold money for more time extremely worst app doesn't follow sebi norms,1,12,18.16.0,google_play
"i am writing to register a formal complaint regarding severe deficiencies in your service, specifically concerning the failure to process my legitimate account withdrawal balance and the complete lack of accountability demonstrated by your customer support team. very very very bad service always daely very bad working application my profits balance blocked 3 days why ,??",1,0,18.16.0,google_play
